	numbers
–º–Ω–µ	1
—è	2
–Ω–µ	3
–∑–∞–±–ª–æ–∫–∏—Ä–æ–≤–∞—Ç—å	4
–∑–¥—Ä–∞–≤—Å—Ç–≤—É–π—Ç–µ	5
–∫–∞–∫	6
–Ω–∞	7
—Ä–µ–≥–∏–æ–Ω	8
–Ω–æ–º–µ—Ä	9
–º–æ–∂–Ω–æ	10
–∫–æ–¥–æ–≤–æ–µ	11
–ø–æ—á–µ–º—É	12
–∑–≤–æ–Ω–æ–∫	13
—Å–ª–æ–≤–æ	14
–¥–µ–Ω—å–≥–∏	15
–¥–æ–±—Ä—ã–π	16
—Å–∏–º	17
—Ö–æ—á—É	18
—Å	19
–¥–æ–º–∞—à–Ω–∏–π	20
–∫–∞—Ä—Ç—É	21
–∑–∞–∫–∞–∑–∞—Ç—å	22
—á—Ç–æ	23
–ª–∏	24
–º–æ–µ–≥–æ	25
–æ–±—Ä–∞—Ç–Ω—ã–π	26
–¥–µ–Ω—å	27
–±–µ–∑	28
–º–µ–Ω—è	29
–ø–æ–º–µ–Ω—è—Ç—å	30
—Å–º—Å	31
–º–æ–≥—É	32
—É	33
–≤	34
–≤–µ—Ä–Ω—É—Ç—å	35
–∑–∞	36
—É–∑–Ω–∞—Ç—å	37
–ø–æ–∂–∞–ª—É–π—Å—Ç–∞	38
—Å–∏–º–∫–∞—Ä—Ç—É	39
–Ω–æ–º–µ—Ä–∞	40
–∞	41
–∏	42
—Å–º–µ–Ω–∏—Ç—å	43
–ø–æ–¥–∫–ª—é—á–∏–ª–∏	44
–º–æ–π	45
–ø—Ä–æ—à—É	46
–≤–µ—Ä–Ω–∏—Ç–µ	47
—Ç—Ä–µ–±—É—é	48
–±—ã	49
—Å–æ–≥–ª–∞—Å–∏—è	50
–ø—Ä–∏—Ö–æ–¥—è—Ç	51
–≤–æ–∑–≤—Ä–∞—Ç	52
–ø–ª–∞—Ç–Ω—É—é	53
–¥–µ–ª–∞—Ç—å	54
—Å—Ä–µ–¥—Å—Ç–≤	55
–∏–∑–º–µ–Ω–∏—Ç—å	56
—Å–∏–º–∫—É	57
–Ω–µ–æ–±—Ö–æ–¥–∏–º–æ	58
–≤—ã	59
–≤–µ–¥–æ–º–∞	60
—É—Å–ª—É–≥—É	61
–ø—Ä–∏—Ö–æ–¥–∏—Ç	62
–µ—Å–ª–∏	63
–Ω—É–∂–Ω–æ	64
–ø–æ	65
—ç—Ç–æ	66
—Å–¥–µ–ª–∞—Ç—å	67
—Ç–µ–ª–µ—Ñ–æ–Ω	68
–Ω–µ—Ç	69
–ø–æ–ª—å–∑—É—é—Å—å	70
–µ—Å—Ç—å	71
–¥—Ä—É–≥–æ–π	72
—Ä—É–±–ª–µ–π	73
–∑–∞—è–≤–∫—É	74
–ø–æ–¥—Å–∫–∞–∂–∏—Ç–µ	75
–º–æ–∏	76
—É—Å–ª—É–≥–∏	77
–≤–æ–∑–≤—Ä–∞—Ç–∞	78
–æ—Ç	79
—ç—Ç–æ—Ç	80
–∑–∞–±—ã–ª	81
—Ç–∞—Ä–∏—Ñ	82
–¥–µ–Ω–µ–≥	83
–≤–µ—á–µ—Ä	84
—á—Ç–æ–±—ã	85
—Ç–µ–ª–µ—Ñ–æ–Ω–∞	86
email	87
—Ç–∞–∫	88
–≤–∞—Å	89
–ø–ª–∞—Ç–Ω—ã–µ	90
–≤–æ–ø—Ä–æ—Å	91
sms	92
–ø–æ–∑–≤–æ–Ω–∏—Ç—å	93
–ø–æ–∑–≤–æ–Ω–∏—Ç–µ	94
–∫–æ—Ç–æ—Ä—ã–µ	95
sim	96
—Ö–æ—Ç–µ–ª–∞	97
–∑–∞–±–ª–æ–∫–∏—Ä—É–π—Ç–µ	98
–µ–≥–æ	99
—É–∫—Ä–∞–ª–∏	100
–≤–æ–∑–º–æ–∂–Ω–æ	101
–∫—Ç–æ	102
–Ω–æ–º–µ—Ä–µ	103
—ç—Ç—É	104
–ø—Ä–∏	105
–Ω–∞–¥–æ	106
—Å–∞–º–æ—Å—Ç–æ—è—Ç–µ–ª—å–Ω–æ	107
–∏—Ö	108
—Å—Ä–µ–¥—Å—Ç–≤–∞	109
–Ω–æ	110
–∑–∞–±—ã–ª–∞	111
–ø–æ–º–Ω—é	112
–∏–ª–∏	113
—Å–Ω—è–ª–∏	114
–æ–ø—Ü–∏—é	115
—Å—á–µ—Ç	116
–æ–ø—Ü–∏–∏	117
—Å–ø–µ—Ü–∏–∞–ª–∏—Å—Ç	118
–Ω–æ–º–µ—Ä–æ–º	119
–ø–æ–º–æ–≥–∏—Ç–µ	120
—Å–≤–æ–π	121
–∫–∞—Ä—Ç—ã	122
–≤–∞–º	123
–¥–µ–Ω–µ–∂–Ω—ã—Ö	124
–ø–æ–¥–∫–ª—é—á–∏–ª	125
—Å—á—ë—Ç	126
–±–∞–ª–∞–Ω—Å	127
—Ç–æ	128
—Å–æ—Ö—Ä–∞–Ω–µ–Ω–∏–µ–º	129
–æ–ø–µ—Ä–∞—Ç–æ—Ä–∞	130
—Ö–æ—Ç–µ–ª	131
–Ω–∏—á–µ–≥–æ	132
–ø–æ–¥–∫–ª—é—á–∞–ª	133
—Ç–æ—Ç	134
–≥–¥–µ	135
—Å–ª—É—á–∞–π–Ω–æ	136
—É–∂–µ	137
–ø–æ–¥–∫–ª—é—á–µ–Ω–∞	138
–ø–æ–¥–∫–ª—é—á–µ–Ω—ã	139
–ø–µ—Ä–µ–∑–≤–æ–Ω–∏	140
–≤—Å–µ	141
–∑–¥—Ä–∞—Å—Ç–≤—É–π—Ç–µ	142
–º–æ—é	143
–º–æ–∂–µ—Ç–µ	144
–µ–π	145
–±–æ–ª—å—à–µ	146
–¥–ª—è	147
–ø–æ–º–æ—á—å	148
–≤—Ç–æ—Ä–æ–π	149
–ø–æ–¥–ø–∏—Å–∫—É	150
–ø–æ–¥–∫–ª—é—á–∞–ª–∞	151
—Å–ø–∏—Å–∞–Ω–Ω—ã–µ	152
—Ä—É–±	153
–∫–æ–≥–¥–∞	154
–≤–µ—Ä–Ω—É—Ç	155
–æ—à–∏–±—Å—è	156
–¥–µ–Ω–µ–∂–Ω—ã–µ	157
–ø—Ä–æ—Å—å–±–∞	158
—Ç–∞—Ä–∏—Ñ–∞	159
—Å–≤—è–∑–∞—Ç—å—Å—è	160
–≤–∏—Ä—Ç—É–∞–ª—å–Ω—ã–π	161
–≤–∏—Ä—Ç—É–∞–ª—å–Ω—ã–º	162
–ø–æ–¥–¥–µ—Ä–∂–∫–∏	163
—É—Å–ª—É–≥–∞	164
—Å–∫–∞–∂–∏—Ç–µ	165
—Ç–∞–∫–æ–µ	166
—Å–ª–æ–≤–∞	167
–ø–µ—Ä–µ–∑–≤–æ–Ω–∏—Ç–µ	168
—Å–≤–æ—é	169
–µ–µ	170
—Å–≤—è–∑–∏	171
–ø—Ä–∏—á–∏–Ω–µ	172
–ø–æ–ª—å–∑–æ–≤–∞—Ç—å—Å—è	173
–∏–º	174
—á—Ç–æ–±	175
—á–µ—Ä–µ–∑	176
—Å–ø–∏—Å–∞–Ω–∏–µ	177
–æ–±—Ä–∞—Ç–Ω–æ	178
—Å–∫–æ–ª—å–∫–æ	179
–∫–∞–∫–æ–π	180
–≥–æ–≤–æ—Ä—é	181
–ø–æ–ª–æ–∂–∏–ª	182
–æ—Ç–≤–µ—Ç–∏—Ç—å	183
–ø–æ–º–æ—â–Ω–∏–∫–æ–º	184
–æ—Ç–≤–µ—Ç–∏–ª	185
–ø–æ–¥–∫–ª—é—á–∞—é—Ç	186
–ø–æ–¥–∫–ª—é—á–∞—é—Ç—Å—è	187
–ø—Ä–∏—Ö–æ–¥–∏–ª–æ	188
–ª–∏—á–Ω–æ–º	189
–∫–∞–±–∏–Ω–µ—Ç–µ	190
–≤–æ–∑–º–æ–∂–Ω–æ—Å—Ç—å	191
–º–µ–Ω—è—è	192
—Å–≤–æ–µ	193
–Ω–µ–æ–±—Ö–æ–¥–∏–º	194
–Ω–∞–±–µ—Ä–∏—Ç–µ	195
–∫–∞—Ä—Ç–æ–π	196
–∏–∑	197
–æ—Ç–∫–ª—é—á–∏—Ç—å	198
–∑–∞–±–ª–æ–∫–∏—Ä–æ–≤–∞–Ω	199
–Ω—É–∂–µ–Ω	200
–ø–æ—Ç–µ—Ä—è–Ω	201
–±—ã–ª–∏	202
—Ö–æ—Ç–µ–ª–æ—Å—å	203
–ø–æ–¥–ø–∏—Å–∫–∏	204
–Ω—É–∂–Ω—ã	205
—Ä–∞–∑–º–µ—Ä–µ	206
—Å—á–µ—Ç–∞	207
–∏–Ω—Ç–µ—Ä–Ω–µ—Ç	208
–ø–æ–ø–æ–ª–Ω–∏–ª–∞	209
—Å–æ—Å—Ç–∞–≤—å—Ç–µ	210
–±—ã–ª	211
—Å–æ—Å—Ç–∞–≤–∏—Ç—å	212
–ø–æ–ª–æ–∂–∏–ª–∞	213
—Å–≤–æ–µ–≥–æ	214
—Ç–∞–º	215
—Å–º–æ–≥	216
–∑–∞—á–µ–º	217
—Å–ø–µ—Ü–∏–∞–ª–∏—Å—Ç–∞	218
–¥–∞	219
–∞–±–æ–Ω–µ–Ω—Ç—Å–∫–æ–π	220
–ø–ª–∞—Ç–æ–π	221
–±—ã–ª–æ	222
–∫–æ	223
–∫–∏	224
—Ä–µ–≥–∏–æ–Ω–∞	225
city	226
—Å–∏–º–∫–∞—Ä—Ç–µ	227
–º–∏–Ω—É—Ç	228
—Ç–∞—Ä–∏—Ñ–Ω—ã–π	229
–ø–ª–∞–Ω	230
–ø–æ–º–æ—à–Ω–∏–∫	231
—Å–≤–æ—ë	232
—Å–∞–º–∏	233
–ø–æ–∑–≤–æ–Ω–∏	234
–ø–µ—Ä–µ–∑–≤–æ–Ω–∏—Ç—å	235
–¥–æ–±—Ä–æ–µ	236
—É—Ç—Ä–æ	237
–æ–Ω–∞	238
–∫–∞—Ä—Ç–∞	239
–Ω—É–∂–Ω–∞	240
—Å–µ–≥–æ–¥–Ω—è—à–Ω–µ–≥–æ	241
–¥–Ω—è	242
–±—É–¥—É	243
—ç—Ç–æ–≥–æ	244
–∫–æ—Ç–æ—Ä—ã–º–∏	245
—Å–ø–∞—Å–∏–±–æ	246
–º–æ–µ	247
–æ–¥–Ω—É	248
–ø—Ä–æ—Å–∏–ª	249
–ª–∏—á–Ω—ã–π	250
–∫–∞–±–∏–Ω–µ—Ç	251
–¥–∞–≤–∞–ª–∞	252
–∫–æ—Ç–æ—Ä—ã–π	253
–≤–∞–º–∏	254
–≤–µ—Ä–Ω—É–ª–∏	255
—Ç—Ä–µ–±—É–µ—Ç—Å—è	256
–ø—Ä–æ–≤–µ—Ä–∏—Ç—å	257
–Ω–µ–∑–∞–∫–æ–Ω–Ω–æ	258
—Å–æ	259
–æ—á–µ–Ω—å	260
—Å–ø–∏—Å–∞–ª–∏	261
—Ä	262
–Ω–∞–∑–∞–¥	263
–æ—à–∏–±–ª–∞—Å—å	264
–ø–æ–ø–æ–ª–Ω–∏–ª	265
–ø—Ä–æ–≤–µ—Ä—å—Ç–µ	266
–±—ã–ª–∞	267
–æ	268
—Å–¥–µ–ª–∞–π—Ç–µ	269
–≤—á–µ—Ä–∞	270
–æ—à–∏–±–æ—á–Ω–æ	271
–∂–∏–≤–æ–π	272
–º–æ–∂–µ—Ç	273
–ø–æ–º–æ—â–Ω–∏–∫	274
–µ—â—ë	275
—Ä–∞–∑	276
–æ—Ç–≤–µ—Ç–∏—Ç	277
–∫	278
–ø–ª–∞—Ç–Ω–∞—è	279
—Å–µ–≥–æ–¥–Ω—è	280
–Ω–µ—Å–∫–æ–ª—å–∫–æ	281
–ø–æ—Å—É—Ç–æ—á–Ω–æ–µ	282
—á–µ–º	283
—Å–æ–æ–±—â–µ–Ω–∏—è	284
–ø—Ä–æ–±–ª–µ–º–∞	285
—Å–µ–π—á–∞—Å	286
—Å—Ç–æ–∏—Ç	287
–ø–µ—Ä–µ–µ–∑–¥–æ–º	288
–æ–±–ª–∞—Å—Ç—å	289
–æ—Å—Ç–∞–≤–∏—Ç—å	290
–ø–æ—Å–∫–æ–ª—å–∫—É	291
–º–æ—ë–º	292
–≤–æ–ø—Ä–æ—Å–µ	293
—Ä–∞–±–æ—Ç–Ω–∏–∫–∞	294
—Ç–µ—Ö	295
–∫–∞–∫–æ–µ	296
–ø–æ–∑–≤–æ–Ω–∏–ª–∏	297
–ø–æ–∑–≤–æ–Ω—è—Ç	298
–≤–æ—Ç	299
—ç—Ç–∏–º	300
–∑–∞–±–ª–æ–∫–∏—Ä–æ–≤–∞–Ω–∞	301
–ø—Ä–æ—Å—Ç–æ	302
—ç—Ç–∞	303
–ø–æ—Ç–µ—Ä–∏	304
—ç—Ç–æ–π	305
–≤—Ä–µ–º—è	306
–±–ª–æ–∫–∏—Ä–æ–≤–∞—Ç—å	307
—É—Ç–µ—Ä—è–Ω	308
—Å—ã–Ω	309
–ø–æ—Ç–µ—Ä—è–ª	310
—Å—Ä–æ—á–Ω–æ	311
–∫–æ—Ç–æ—Ä—ã–º	312
–æ–Ω–ª–∞–π–Ω	313
–∏–º—è	314
–Ω–∏—Ö	315
–Ω–∞—Å–æ–≤—Å–µ–º	316
–¥–∞–Ω–Ω—ã–π	317
–¥–æ	318
–æ–Ω	319
–≤–æ—Å—Å—Ç–∞–Ω–æ–≤–∏—Ç—å	320
–∫–æ—Ç–æ—Ä—É—é	321
—Ä—É–±–ª—è	322
–º–∏–Ω—É—Ç—ã	323
–º–æ–±–∏–ª—å–Ω—É—é	324
–ø–æ–¥–∫–ª—é—á–µ–Ω–∏–µ	325
—É–∫—Ä–∞–¥–µ–Ω–Ω—ã–µ	326
—É—Ç–æ—á–Ω–∏—Ç—å	327
—á–∏—Å–ª–∞	328
–∫—Ä–∞–¥–µ—Ç–µ	329
—Å–∞–º–∞	330
–æ—Ç–∫–ª—é—á–∏–ª–∞	331
–æ–Ω–∏	332
–Ω—É–∂–Ω—ã–π	333
—Ü–∏—Ñ—Ä—É	334
–ø–æ–ø–æ–ª–Ω–∏–ª–∏	335
–ø–µ—Ä–µ–≤–µ—Å—Ç–∏	336
—Ü–∏—Ñ—Ä–æ–π	337
–∑–∞—è–≤–∫–µ	338
—Å–æ—Å—Ç–∞–≤–ª—è–ª–∏	339
–¥–∞–Ω–Ω–æ–º	340
–¥—Ä—É–≥–æ–≥–æ	341
–≤–æ–ø—Ä–æ—Å—É	342
–ø–æ–¥–∫–ª—é—á–∞—Ç—å	343
—Ç–æ–≥–¥–∞	344
–Ω–µ–ª—å–∑—è	345
—á–µ–ª–æ–≤–µ–∫	346
—á–µ–ª–æ–≤–µ–∫–∞	347
–æ–ø–µ—Ä–∞—Ç–æ—Ä	348
—Å–ø–µ—Ü–∏–∞–ª–∏—Å—Ç—ã	349
–¥–∞–π—Ç–µ	350
—Å–≤—è–∂–∏—Ç–µ	351
–ø–æ–¥–¥–µ—Ä–∂–∫–æ–π	352
—Å–ª—É–∂–±–æ–π	353
–±—É–¥–µ—Ç	354
–ø–æ–¥–∫–ª—é—á–∞–µ—Ç—Å—è	355
–ø–ª–∞—Ç–Ω—ã—Ö	356
—É—Å–ª—É–≥	357
—Ç–∞—Ä–∏—Ñ—É	358
—Å–º–µ–Ω–µ	359
–ø–æ–º–µ–Ω—è–ª–∏	360
—Å–º–µ–Ω—ã	361
–æ–ø—Ü–∏—è	362
–æ–ø–ª–∞—Ç—É	363
–∑–≤–æ–Ω–∏–ª	364
–ø—Ä–∏—Ö–æ–¥–∏–ª–∏	365
–≤–∞—à	366
–µ—â–µ	367
—Ç–∞—Ä–∏—Ñ–µ	368
–ø—Ä–∏—Ö–æ–¥—è	369
—Å–æ–≤—Å–µ–º	370
—á—ë–º	371
—Ç	372
–∫–æ—Ä—Ä–µ–∫—Ç–Ω–æ	373
—Ä–∞–∑–≥–æ–≤–æ—Ä–∞	374
–º–æ–µ–º	375
—Å–≤–æ–µ–π	376
–æ–±—Å–ª—É–∂–∏–≤–∞–Ω–∏—è	377
—Ä–µ–≥–∏—Å—Ç—Ä–∞—Ü–∏–∏	378
–ø–µ—Ä–µ–µ—Ö–∞–ª	379
–ø–µ—Ä–µ–µ—Ö–∞–ª–∞	380
–ø–æ–ª—å–∑–æ–≤–∞–Ω–∏—è	381
‚ÇΩ	382
—ç—Ç–æ–º	383
–ø—Ä–∏–≤—è–∑–∫–∏	384
–¥–æ–∑–≤–æ–Ω–∏—Ç—å—Å—è	385
–æ–±—Ä–∞—Ç–Ω–æ–≥–æ	386
–∑–≤–æ–Ω–∫–∞	387
—Å–ª—É–∂–±—ã	388
–±—ã—Ç—å	389
–¥–∞–≤–Ω–æ	390
–∫–æ–¥–æ–≤–æ–≥–æ	391
–∑–Ω–∞—é	392
–ø–æ–º–Ω–∏–º	393
–ø–∏—Å–∞—Ç—å	394
–ø–æ–Ω—è–ª	395
–Ω–∞–±–µ—Ä–∏	396
–Ω–∞–±—Ä–∞—Ç—å	397
–ø–µ—Ä–µ–∑–≤–æ–Ω–∏–ª–∏	398
—Å–∫–∞–∂—É	399
—Å–∏–º–∫–∏	400
–±–ª–æ–∫–∏—Ä—É–π	401
–∑–∞–±–ª–æ–∫–∏—Ä—É–π	402
—Å–∏–º–∫–∞—Ä—Ç–æ–π	403
–≤—Å–µ–≥–¥–∞	404
—Ä–µ—à–∏–ª	405
–¥–µ–Ω—åÔºÅ	406
–ø–æ—Ç–µ—Ä–µ–π	407
—É—Ç–µ—Ä–∏	408
—Ç–µ–∫—É—â–∏–π	409
–∑–æ–≤—É—Ç	410
–ø–æ–ª—å–∑—É–µ—à—å—Å—è	411
—Ç–æ–≥–æ	412
–µ—é	413
–ø–æ–ª—É—á–∞–µ—Ç—Å—è	414
–Ω–æ–º–µ—Ä—É	415
–¥–∞–Ω–Ω—É—é	416
–ø–æ–º–æ–∂–µ—Ç–µ	417
–º–æ—ë	418
–∑–∞—Ä–µ–≥–∏—Å—Ç—Ä–∏—Ä–æ–≤–∞–Ω–æ	419
–∑–∞—Ä–µ–≥–∏—Å—Ç—Ä–∏—Ä–æ–≤–∞–Ω–Ω—ã–π	420
—Ç–µ–ª	421
–¥–≤–µ	422
–ø–æ—Ç–µ—Ä—è–Ω–Ω—ã–µ	423
–ª–∏—á–Ω–æ–≥–æ	424
–∫–∞–±–∏–Ω–µ—Ç–∞	425
–∑–∞–±–ª–æ–∫–∏—Ä–æ–≤–∞–ª–∏	426
–ø–æ–ø—Ä–æ—Å–∏—Ç—å	427
–∞–±–æ–Ω–µ–Ω—Ç—Å–∫–∏–π	428
—Å—ã–Ω–∞	429
–≤–º–µ—Å—Ç–µ	430
—É—Ç–µ—Ä—è–Ω—ã	431
–ª–∏–±–æ	432
–∑–∞–±–ª–æ–∫–∏—Ä–æ–≤–∞–Ω–Ω—É—é	433
—Å–∏–º–∫–∞—Ä—Ç–∞	434
—É—Ç–µ—Ä—è–Ω–∞	435
–∂–µ–ª–∞—é	436
–≤—Ç–æ—Ä–æ–≥–æ	437
–≤–µ—Ä–Ω—ë—Ç	438
–∑–∞–∫–∞–∑—ã–≤–∞–ª	439
–≤–µ—Ä–Ω–µ—Ç–µ	440
–ø–ª–∞—Ç—ë–∂	441
–æ—Ñ–æ—Ä–º–ª—è–ª	442
–∞–≤—Ç–æ–ø—Ä–æ–¥–ª–µ–Ω–∏–µ	443
–ø–µ—Ä–µ—Ö–æ–¥	444
–¥–æ–ø–æ–ª–Ω–∏—Ç–µ–ª—å–Ω—ã–µ	445
–Ω–µ—á–µ–≥–æ	446
–Ω–µ–∫–æ—Ä—Ä–µ–∫—Ç–Ω–æ–µ	447
—Å–æ–≥–ª–∞—Å–∏–µ	448
–Ω–∞—Å—á–µ—Ç	449
–ø–æ–≤—Ç–æ—Ä–Ω–æ	450
–¥–µ–Ω–≥–∏	451
–∏—Å–ø–æ–ª—å–∑–æ–≤–∞–Ω–Ω—É—é	452
—Å—É–º–º–∞	453
—É—Å–ª—É–≥–æ–π	454
–ø–æ–ª—å–∑–æ–≤–∞–ª—Å—è	455
–∑–∞–≤–∏—Å–ª–∏	456
–Ω–∞–≤—è–∑–∞–Ω–Ω—É—é	457
–±–∞–ª–∞–Ω—Å–∞	458
–∫—Ä–∞–¥—É—Ç	459
–ø–æ–¥–∫–ª—é—á–∏–ª—Å—è	460
—Å–Ω–∏–º–∞–π—Ç–µ	461
–º–∏–Ω—É—Ç–µ	462
–ø–æ–ø–æ–ª–Ω–µ–Ω–∏–µ	463
–ø–æ–ø–æ–ª–Ω–µ–Ω–∏—è	464
–≤—Å—ë	465
–∂–µ	466
—Ä–∞–∑–æ–±—Ä–∞—Ç—å—Å—è	467
—Å–≤–æ–∏	468
–ø–æ—Ç–æ–º—É	469
–≤–æ–∑–≤—Ä–∞—â–µ–Ω–∏–µ	470
—Ç–∞–∫–∂–µ	471
–ø–æ–ª—å–∑–æ–≤–∞–ª–∞—Å—å	472
–º–æ–∏—Ö	473
—Ö–æ—Ç—è—Ç	474
–ø–æ–¥–∫–ª—é—á–∏–ª–∞	475
–ø–æ–ø–æ–ª–Ω—è–ª–∞	476
–æ—à–∏–±–ª–∏—Å—å	477
–æ–¥–Ω–æ–π	478
—Ü–∏—Ñ—Ä–µ	479
–ø–æ–ø–æ–ª–Ω—è–ª	480
–ø–µ—Ä–µ–ø—É—Ç–∞–ª	481
—Ü–∏—Ñ—Ä—ã	482
–º–µ—Å—Ç–∞–º–∏	483
–ø–æ–ø–æ–ª–Ω—è—è	484
—Å–æ—Å—Ç–∞–≤–ª–µ–Ω–∞	485
–∑–∞—è–≤–∫–∞	486
–≤–æ–∑–≤—Ä–∞—Ç–µ	487
—Å–æ—Å—Ç–∞–≤–ª—è–π—Ç–µ	488
–Ω–µ–π	489
–∏–∑–º–µ–Ω–µ–Ω–∏–µ	490
–¥–µ–Ω–µ–∂–Ω—ã–π	491
–¥–∞–≤–∞–π—Ç–µ	492
—Å–æ—Å—Ç–∞–≤–∏–º	493
–Ω–µ–ø—Ä–∞–≤–∏–ª—å–Ω–æ	494
–≤–æ–∑–≤—Ä–∞—â–µ–Ω–∏—è	495
–æ–∂–∏–¥–∞—é	496
–º–æ–∏–º	497
–æ–±—Ä–∞—â–µ–Ω–∏–µ–º	498
–≤–æ–∑–≤—Ä–∞—Ç—É	499
–ø—Ä–∏—Å—ã–ª–∞–µ—Ç–µ	500
—Ö–æ—Ä–æ—à–µ–º—É	501
–≤–æ–∑–≤—Ä–∞—â–∞–π—Ç–µ	502
–ø–æ–ª–æ–∂–µ–Ω–Ω—ã–µ	503
—Å–µ–Ω—Ç—è–±—Ä—å	504
–º–±	505
–Ω–µ—á–∞—è–Ω–Ω–æ	506
–∞–±–æ–Ω–µ–Ω—Ç–∞	507
–∂–∏–≤—É—é	508
—Ä–æ–±–æ—Ç–æ–º	509
–æ–±—â–∞—Ç—å—Å—è	510
—Ä–µ–∞–ª—å–Ω—ã–π	511
—á–µ–ª–æ–≤–µ–∫–æ–º	512
–ø–æ–≥–æ–≤–æ—Ä–∏—Ç—å	513
—Å–≤—è–∑—å—é	514
–≤–∫–ª—é—á–∏	515
–Ω–∞–ø–∏—Å–∞—Ç—å	516
—á–∞—Ç	517
–ø–æ–∑–≤–∞—Ç—å	518
–∂–∏–≤–æ–≥–æ	519
–Ω–æ—Ä–º–∞–ª—å–Ω–æ–≥–æ	520
–±–æ—Ç–∞	521
—Ö–æ–º–æ	522
—Å–∞–ø–∏–µ–Ω—Å–æ–º	523
–≤–∏—Ä—Ç—É–∞–ª—å–Ω–æ–≥–æ	524
–ø–æ–º–æ—â–Ω–∏–∫–∞	525
—Ç–µ–ª–µ—Ñ–æ–Ω—É	526
—Å–≤—è–∑–∞–ª–∏	527
–æ—Ç–≤–µ—á–∞–ª	528
—Å–ø–µ—Ü–∏–∞–ª–∏—Å—Ç—É	529
—Ö–æ—Ç–∏—Ç–µ	530
—Å–ø–µ—Ü–∏–∞–ª–∏—Å—ÇÔºü–Ω	531
–µ	532
–æ—Ç–≤–µ—Ç—è—Ç	533
–ø–æ–¥–∫–ª—é—á–∏–ª–∞—Å—å	534
–ø–æ–¥–∫–ª—é—á–µ–Ω	535
–ø–ª–∞—Ç–Ω—ã–º	536
—É—Å–ª—É–≥–∞–º	537
–≤–µ–¥–æ–º–∞Ôºü	538
–≤–æ–ø—Ä–æ—Å–æ–≤	539
–ø–æ–¥–¥–µ—Ä–∂–∫—É	540
–ø–æ—Å—É—Ç–æ—á–Ω—ã–º	541
—Å–ø–∏—Å–∞–Ω–∏–µ–º	542
–ø–ª–∞—Ç—ã	543
—á–µ–≥–æ	544
–∫–æ—Ç–æ—Ä–∞—è	545
—Ç–∏–ø–∞	546
–ø–æ–¥–∫–ª—é—á–∞–µ—Ç	547
–ø–µ—Ä–µ—Ö–æ–¥–µ	548
–∏–∑–º–µ–Ω–∏–ª–∏	549
–Ω–∏–∫–∞–∫–∏—Ö	550
–æ–ø—Ü–∏–π	551
–∫–∞–∫—É—é	552
–æ–¥–Ω–∞	553
—Ö–æ—Ç—è	554
—Å–≤—è–∑–∞–Ω–æ	555
–≤–æ—Å—Å—Ç–∞–Ω–æ–≤–∏–ª	556
–≤–æ—Å—Å—Ç–∞–Ω–æ–≤–∏–ª–∞	557
–æ—Ç–ø—Ä–∞–≤–ª–µ–Ω–Ω—ã–µ	558
–∫–æ–¥–æ–º	559
–æ—Ç–≤–µ—Ç–∞	560
–æ–ø–ª–∞—Ç–∏—Ç—å	561
–∑–∞–∫–∞–∑	562
–∏—Å–ø—Ä–∞–≤–∏—Ç—å	563
–æ—à–∏–±–∫—É	564
–ø–µ—Ä–µ–≤–æ–¥–∞	565
–¥–Ω–µ–π¬ø	566
—ç—Ç–∏	567
—Å–ø–∏—Å—ã–≤–∞–ª–∏—Å—å	568
—Å–µ—Ç–∏	569
—Ç–æ–º	570
–∑–≤–æ–Ω–∏–ª–∏	571
–æ—Ç–ø—Ä–∞–≤–ª—è—é—Ç—Å—è	572
–æ–ø—è—Ç—å	573
–ø–æ–¥–∫–ª—é—á–∏—Ç—å	574
–º–æ–≥–ª–∏	575
—Ç–∞–∫–æ–π	576
–ø—Ä–∏—Ö–æ–¥–∏–ª–∞	577
—Ä–µ—à–∏—Ç—å	578
–∏–∑–≤–∏–Ω–∏—Ç–µ	579
–≤–∫–ª—é—á–∏—Ç–µ	580
—Ç–∞–∫–∞—è	581
–Ω–µ–≥–æ	582
¬´	583
¬ª	584
—Å–ø–∏—Å–∞–Ω–∏—è	585
—Å–º—Å–∫–∏	586
–ø–æ—Å–º–æ—Ç—Ä–∏—Ç–µ	587
–ø—Ä–∏–≤–µ—Ç	588
"–ø—Ä–∏—Ö–æ–¥–∏—Ç
"	589
–∑–∞–π—Ç–∏	590
—Å–±–µ—Ä–±–∞–Ω–∫–∞	591
–æ–¥–Ω–æ—Ä–∞–∑–æ–≤—ã–º	592
–ø–∞—Ä–æ–ª–µ–º	593
—Å–º–µ–Ω–∏–ª	594
—Ç–µ–ø–µ—Ä—å	595
—Å–æ—Ö—Ä–∞–Ω–∏—Ç—å	596
–æ—Ç–æ–±—Ä–∞–∂–∞–µ—Ç—Å—è	597
—Å—Ç–æ–∏–º–æ—Å—Ç—å	598
–º–∏–Ω—É—Ç–∞	599
–∑–≤–æ–Ω–∫–µ	600
–º–æ—Å–∫–æ–≤—Å–∫–æ–≥–æ	601
–º–æ–≥	602
–º–µ—Å—Ç–Ω—ã–π	603
–∑–¥—Ä–∞–≤—Å—Ç–≤—É–µ—Ç	604
–ø–µ—Ä–µ–µ–∑–¥	605
–¥—Ä—É–≥—É—é	606
–æ–¥–Ω–æ–≥–æ	607
–æ—Å—Ç–∞–≤–∏–≤	608
—Ç–≤	609
–ø–æ–∫–∞–∑—ã–≤–∞–ª–∏–ø–æ–∫–∞–∑—ã–≤–∞–ª–∏	610
–Ω–æ–≤–æ—Å—Ç–∏	611
–ª–∏—á–Ω—ã–µ	612
–¥–∞–Ω–Ω—ã–µ	613
—Ñ–∞–º–∏–ª–∏–∏	614
–∏—Å–ø–æ–ª—å–∑–æ–≤–∞–Ω–∏—è	615
–∑–∞–º–µ–Ω–∏—Ç—å	616
–∑–≤–æ–Ω–∫–∏	617
–¥–æ–º–∞—à–Ω–µ–º	618
—Ä–µ–≥–∏–æ–Ω–µ	619
—Å–∏–º–∫–∞—Ä—Ç—ã	620
–ø–æ–º–µ–Ω—è–µ—Ç—Å—è	621
–ø—Ä–∏–ª–æ–∂–µ–Ω–∏–∏	622
–ø–∞–∫–µ—Ç	623
–¥–æ–º–∞—à–Ω–µ–≥–æ	624
–∏–∑–º–µ–Ω–∏–ª—Å—è	625
–∑–∞–º–µ–Ω—ã	626
–∏–∑–º–µ–Ω–∏—Ç—Å—è	627
—Å–º–µ–Ω–∏—Ç	628
–∏–º–µ—é	629
–≤–∏–¥—É	630
–¥–µ–π—Å—Ç–≤—É—é—â–µ–≥–æ	631
–ø–æ–º–µ–Ω—è–π—Ç–µ	632
–∑–¥–µ—Å—å	633
—Ä–∞—Å—Ö–æ–∂–¥–µ–Ω–∏–π	634
–ø–æ—Å–µ—â–µ–Ω–∏—è	635
—Ü–µ–Ω—Ç—Ä–∞	636
—Å–Ω–æ–≤–∞	637
—Å–º–µ–Ω–∏–ª—Å—è	638
–Ω–∏–∫–æ–≥–¥–∞	639
—Ç–∞–∫–æ–≥–æ	640
–≤–ø–µ—Ä–≤—ã–µ	641
–æ—Å–Ω–æ–≤–Ω–æ–º—É	642
–∑–∞–ø–ª–∞—Ç–∏–ª	643
–¥–æ–ª–∂–µ–Ω	644
–ø–ª–∞—Ç–∏—Ç—å	645
–º–µ—Å—è—Ü	646
—Ñ—É–Ω–∫—Ü–∏—è	647
–≥–æ—Ä—è—á—É—é	648
–ª–∏–Ω–∏—é	649
—Ä–µ–∂–∏–º–µ	650
–æ–∂–∏–¥–∞–Ω–∏—è	651
–ø—Ä–æ–≤–µ–ª–∞	652
–ø–æ—Ä—è–¥–∫–∞	653
—Ç–æ–∂–µ	654
–∫–æ–Ω–µ—á–Ω–æ	655
–±–µ—Å–ø–ª–∞—Ç–Ω—ã–π	656
–∏–∑–≤–∏–Ω–∏	657
"—Å–ø–µ—Ü–∏–∞–ª–∏—Å—Ç–∞
"	658
–≤–∞—à–µ–≥–æ	659
—Ç–µ—Ö–Ω–∏—á–µ—Å–∫–æ–π	660
—Å–º–æ—Ç—Ä–µ–ª–∞	661
—Ä–æ–±–æ—Ç–∞	662
–º–æ–¥–µ–º–∞	663
–∫–∞—Ä—Ç–µ	664
–∑–∞–±—ã–ª–∏	665
–≤–∞—Ä–∏–∞–Ω—Ç—ã	666
üòê	667
–ø—Ä–∏–æ–±—Ä–µ—Ç–µ–Ω–∞	668
–¥–≤–∞	669
—Ä–∞–∑–∞	670
–≤–æ—Å—Å—Ç–∞–Ω–∞–≤–ª–∏–≤–∞–ª—Å—è	671
—Å–µ—Ä–≤–∏—Å	672
–Ω–∞—Ö–æ–¥–∏—Ç—Å—è	673
–¥–∞–ª–µ–∫–æ	674
–Ω–∞–ø–æ–º–Ω–∏—Ç—å	675
–ø—Ä–∏–ª–æ–∂–µ–Ω–∏–µ	676
–ø–æ–ª—É—á–∏—Ç—å	677
–æ–¥–∏–Ω	678
–ø–æ–º–Ω–∏—à—å	679
—Ç—ã	680
–Ω–∏	681
–æ–±—Ä–∞—â–µ–Ω–∏–∏	682
–∫–æ–Ω—Ç–∞–∫—Ç—ã–π	683
—Ü–µ–Ω—Ç—Ä	684
–æ–∑–≤—É—á–∏—Ç—å	685
–ø–æ–∫—É–ø–∫–∏	686
–±–∞–Ω–∫	687
—Ç—è–∂–µ–ª–æ	688
–ø–æ–π–º—É	689
–¥–µ–ª–æ	690
–ø–æ—Å–ª–µ	691
–æ—Ç–∫–ª—é—á–∞–µ—Ç—Å—è	692
—Ä–∞–∑–≥–æ–≤–æ—Ä	693
–º–æ–∂–µ—Ç–µÔºü	694
–º–Ω–æ–≥–æ	695
–æ–±—è—Å–Ω–∏—Ç—å	696
–ø—Ä–æ–±–ª–µ–º—É	697
–¥—Ä–∞–≤—Å—Ç–≤—É–π—Ç–µ	698
–≤–µ—Ä—Ç—É–∞–ª—å–Ω—ã–π	699
–∑–∞–≤–∏—Å–∞–µ—Ç	700
—á–∞—Å–æ–≤	701
–∑–≤–æ–Ω—é	702
–ø–æ—Ç–µ—Ä—è–Ω–æ	703
–±—É–¥—É—Ç	704
–∑–≤–æ–Ω–∏—Ç—å	705
–ø—Ä–æ—Å—å–±—É	706
–ª—É—á—à–µ	707
–≤–æ–ø—Ä–æ—Å—ã	708
—É–¥–æ–±–Ω–æ	709
